{"orders":[{"id":5840551674165,"admin_graphql_api_id":"gid:\/\/shopify\/Order\/5840551674165","app_id":580111,"browser_ip":"157.40.231.122","buyer_accepts_marketing":false,"cancel_reason":null,"cancelled_at":null,"cart_token":"c1-5ccf1b28ee923c2707fdded77bbdf657","checkout_id":37079513497909,"checkout_token":"35d245642e8cc422601984c258bcf66e","client_details":{"accept_language":"en-IN","browser_height":null,"browser_ip":"157.40.231.122","browser_width":null,"session_hash":null,"user_agent":"Mozilla\/5.0 (Windows NT 10.0; Win64; x64) AppleWebKit\/537.36 (KHTML, like Gecko) Chrome\/119.0.0.0 Safari\/537.36"},"closed_at":null,"confirmation_number":"F5M8RQWUG","confirmed":true,"contact_email":null,"created_at":"2023-11-26T10:10:32+05:30","currency":"INR","current_subtotal_price":"219.00","current_subtotal_price_set":{"shop_money":{"amount":"219.00","currency_code":"INR"},"presentment_money":{"amount":"219.00","currency_code":"INR"}},"current_total_additional_fees_set":null,"current_total_discounts":"0.00","current_total_discounts_set":{"shop_money":{"amount":"0.00","currency_code":"INR"},"presentment_money":{"amount":"0.00","currency_code":"INR"}},"current_total_duties_set":null,"current_total_price":"268.42","current_total_price_set":{"shop_money":{"amount":"268.42","currency_code":"INR"},"presentment_money":{"amount":"268.42","currency_code":"INR"}},"current_total_tax":"39.42","current_total_tax_set":{"shop_money":{"amount":"39.42","currency_code":"INR"},"presentment_money":{"amount":"39.42","currency_code":"INR"}},"customer_locale":"en-IN","device_id":null,"discount_codes":[],"email":"","estimated_taxes":false,"financial_status":"pending","fulfillment_status":null,"landing_site":"\/password","landing_site_ref":null,"location_id":null,"merchant_of_record_app_id":null,"name":"FS1008","note":null,"note_attributes":[],"number":8,"order_number":1008,"order_status_url":"https:\/\/8c86ed-3.myshopify.com\/84809515317\/orders\/46c87d027b4253a53df84e507fcace39\/authenticate?key=d227cd89666a9c33414bd03e290766af","original_total_additional_fees_set":null,"original_total_duties_set":null,"payment_gateway_names":["Cash on Delivery (COD)"],"phone":"+919765123456","po_number":null,"presentment_currency":"INR","processed_at":"2023-11-26T10:10:31+05:30","reference":"a1b18b83008847a337162a64cd245855","referring_site":"","source_identifier":"a1b18b83008847a337162a64cd245855","source_name":"web","source_url":null,"subtotal_price":"219.00","subtotal_price_set":{"shop_money":{"amount":"219.00","currency_code":"INR"},"presentment_money":{"amount":"219.00","currency_code":"INR"}},"tags":"","tax_exempt":false,"tax_lines":[{"price":"39.42","rate":0.18,"title":"IGST","price_set":{"shop_money":{"amount":"39.42","currency_code":"INR"},"presentment_money":{"amount":"39.42","currency_code":"INR"}},"channel_liable":false}],"taxes_included":false,"test":false,"token":"46c87d027b4253a53df84e507fcace39","total_discounts":"0.00","total_discounts_set":{"shop_money":{"amount":"0.00","currency_code":"INR"},"presentment_money":{"amount":"0.00","currency_code":"INR"}},"total_line_items_price":"219.00","total_line_items_price_set":{"shop_money":{"amount":"219.00","currency_code":"INR"},"presentment_money":{"amount":"219.00","currency_code":"INR"}},"total_outstanding":"268.42","total_price":"268.42","total_price_set":{"shop_money":{"amount":"268.42","currency_code":"INR"},"presentment_money":{"amount":"268.42","currency_code":"INR"}},"total_shipping_price_set":{"shop_money":{"amount":"10.00","currency_code":"INR"},"presentment_money":{"amount":"10.00","currency_code":"INR"}},"total_tax":"39.42","total_tax_set":{"shop_money":{"amount":"39.42","currency_code":"INR"},"presentment_money":{"amount":"39.42","currency_code":"INR"}},"total_tip_received":"0.00","total_weight":1200,"updated_at":"2023-11-26T10:10:33+05:30","user_id":null,"billing_address":{"first_name":"TEST","address1":"ABCD CHILDCARE CRECHE 9815 Street Number 5 Joshi Nagar Haibowal Kalan","phone":null,"city":"Ludhiana","zip":"141001","province":"Punjab","country":"India","last_name":"ORDER","address2":null,"company":null,"latitude":null,"longitude":null,"name":"TEST ORDER","country_code":"IN","province_code":"PB"},"customer":{"id":7631179219253,"email":null,"accepts_marketing":false,"created_at":"2023-11-26T10:10:31+05:30","updated_at":"2023-11-26T10:10:32+05:30","first_name":"TEST","last_name":"ORDER","state":"disabled","note":null,"verified_email":true,"multipass_identifier":null,"tax_exempt":false,"phone":"+919765123456","email_marketing_consent":null,"sms_marketing_consent":{"state":"not_subscribed","opt_in_level":"single_opt_in","consent_updated_at":null,"consent_collected_from":"SHOPIFY"},"tags":"","currency":"INR","accepts_marketing_updated_at":"2023-11-26T10:10:32+05:30","marketing_opt_in_level":null,"tax_exemptions":[],"admin_graphql_api_id":"gid:\/\/shopify\/Customer\/7631179219253","default_address":{"id":9725761126709,"customer_id":7631179219253,"first_name":"TEST","last_name":"ORDER","company":null,"address1":"ABCD CHILDCARE CRECHE 9815 Street Number 5 Joshi Nagar Haibowal Kalan","address2":null,"city":"Ludhiana","province":"Punjab","country":"India","zip":"141001","phone":null,"name":"TEST ORDER","province_code":"PB","country_code":"IN","country_name":"India","default":true}},"discount_applications":[],"fulfillments":[],"line_items":[{"id":14764081250613,"admin_graphql_api_id":"gid:\/\/shopify\/LineItem\/14764081250613","attributed_staffs":[],"fulfillable_quantity":1,"fulfillment_service":"manual","fulfillment_status":null,"gift_card":false,"grams":200,"name":"Oversized T Shirt","price":"199.00","price_set":{"shop_money":{"amount":"199.00","currency_code":"INR"},"presentment_money":{"amount":"199.00","currency_code":"INR"}},"product_exists":true,"product_id":8940335989045,"properties":[],"quantity":1,"requires_shipping":true,"sku":"1234","taxable":true,"title":"Oversized T Shirt","total_discount":"0.00","total_discount_set":{"shop_money":{"amount":"0.00","currency_code":"INR"},"presentment_money":{"amount":"0.00","currency_code":"INR"}},"variant_id":47467742331189,"variant_inventory_management":"shopify","variant_title":null,"vendor":"My Store","tax_lines":[{"channel_liable":false,"price":"35.82","price_set":{"shop_money":{"amount":"35.82","currency_code":"INR"},"presentment_money":{"amount":"35.82","currency_code":"INR"}},"rate":0.18,"title":"IGST"}],"duties":[],"discount_allocations":[]},{"id":14764081283381,"admin_graphql_api_id":"gid:\/\/shopify\/LineItem\/14764081283381","attributed_staffs":[],"fulfillable_quantity":2,"fulfillment_service":"manual","fulfillment_status":null,"gift_card":false,"grams":500,"name":"Artifisial Jwellary","price":"10.00","price_set":{"shop_money":{"amount":"10.00","currency_code":"INR"},"presentment_money":{"amount":"10.00","currency_code":"INR"}},"product_exists":true,"product_id":8943289696565,"properties":[],"quantity":2,"requires_shipping":true,"sku":"1234","taxable":true,"title":"Artifisial Jwellary","total_discount":"0.00","total_discount_set":{"shop_money":{"amount":"0.00","currency_code":"INR"},"presentment_money":{"amount":"0.00","currency_code":"INR"}},"variant_id":47475879182645,"variant_inventory_management":"shopify","variant_title":null,"vendor":"Fusion Retail Service","tax_lines":[{"channel_liable":false,"price":"3.60","price_set":{"shop_money":{"amount":"3.60","currency_code":"INR"},"presentment_money":{"amount":"3.60","currency_code":"INR"}},"rate":0.18,"title":"IGST"}],"duties":[],"discount_allocations":[]}],"payment_terms":null,"refunds":[],"shipping_address":{"first_name":"TEST","address1":"ABCD CHILDCARE CRECHE 9815 Street Number 5 Joshi Nagar Haibowal Kalan","phone":null,"city":"Ludhiana","zip":"141001","province":"Punjab","country":"India","last_name":"ORDER","address2":null,"company":null,"latitude":30.918312,"longitude":75.815141,"name":"TEST ORDER","country_code":"IN","province_code":"PB"},"shipping_lines":[{"id":4942894563637,"carrier_identifier":"650f1a14fa979ec5c74d063e968411d4","code":"Standard","discounted_price":"10.00","discounted_price_set":{"shop_money":{"amount":"10.00","currency_code":"INR"},"presentment_money":{"amount":"10.00","currency_code":"INR"}},"phone":null,"price":"10.00","price_set":{"shop_money":{"amount":"10.00","currency_code":"INR"},"presentment_money":{"amount":"10.00","currency_code":"INR"}},"requested_fulfillment_service_id":null,"source":"shopify","title":"Standard","tax_lines":[],"discount_allocations":[]}]},{"id":5840549773621,"admin_graphql_api_id":"gid:\/\/shopify\/Order\/5840549773621","app_id":580111,"browser_ip":"157.40.231.122","buyer_accepts_marketing":false,"cancel_reason":null,"cancelled_at":null,"cart_token":"c1-bdbe399e7b45e7a6dc80d798f14f15ed","checkout_id":37079500325173,"checkout_token":"546234c35682708f8e370289fa60c27f","client_details":{"accept_language":"en-IN","browser_height":null,"browser_ip":"157.40.231.122","browser_width":null,"session_hash":null,"user_agent":"Mozilla\/5.0 (Windows NT 10.0; Win64; x64) AppleWebKit\/537.36 (KHTML, like Gecko) Chrome\/119.0.0.0 Safari\/537.36"},"closed_at":null,"confirmation_number":"UQZ8P7P58","confirmed":true,"contact_email":null,"created_at":"2023-11-26T10:08:14+05:30","currency":"INR","current_subtotal_price":"219.00","current_subtotal_price_set":{"shop_money":{"amount":"219.00","currency_code":"INR"},"presentment_money":{"amount":"219.00","currency_code":"INR"}},"current_total_additional_fees_set":null,"current_total_discounts":"0.00","current_total_discounts_set":{"shop_money":{"amount":"0.00","currency_code":"INR"},"presentment_money":{"amount":"0.00","currency_code":"INR"}},"current_total_duties_set":null,"current_total_price":"268.42","current_total_price_set":{"shop_money":{"amount":"268.42","currency_code":"INR"},"presentment_money":{"amount":"268.42","currency_code":"INR"}},"current_total_tax":"39.42","current_total_tax_set":{"shop_money":{"amount":"39.42","currency_code":"INR"},"presentment_money":{"amount":"39.42","currency_code":"INR"}},"customer_locale":"en-IN","device_id":null,"discount_codes":[],"email":"","estimated_taxes":false,"financial_status":"pending","fulfillment_status":null,"landing_site":"\/password","landing_site_ref":null,"location_id":null,"merchant_of_record_app_id":null,"name":"FS1007","note":null,"note_attributes":[],"number":7,"order_number":1007,"order_status_url":"https:\/\/8c86ed-3.myshopify.com\/84809515317\/orders\/48abfc0b6614e0796e0acb3e234cc3d2\/authenticate?key=8aaa4d025f78b181f1c21396086d0bde","original_total_additional_fees_set":null,"original_total_duties_set":null,"payment_gateway_names":["Cash on Delivery (COD)"],"phone":"+919087679678","po_number":null,"presentment_currency":"INR","processed_at":"2023-11-26T10:08:13+05:30","reference":"819ecb2a55bdb31d7b366b3db153ec5a","referring_site":"","source_identifier":"819ecb2a55bdb31d7b366b3db153ec5a","source_name":"web","source_url":null,"subtotal_price":"219.00","subtotal_price_set":{"shop_money":{"amount":"219.00","currency_code":"INR"},"presentment_money":{"amount":"219.00","currency_code":"INR"}},"tags":"","tax_exempt":false,"tax_lines":[{"price":"19.71","rate":0.09,"title":"CGST","price_set":{"shop_money":{"amount":"19.71","currency_code":"INR"},"presentment_money":{"amount":"19.71","currency_code":"INR"}},"channel_liable":false},{"price":"19.71","rate":0.09,"title":"SGST","price_set":{"shop_money":{"amount":"19.71","currency_code":"INR"},"presentment_money":{"amount":"19.71","currency_code":"INR"}},"channel_liable":false}],"taxes_included":false,"test":false,"token":"48abfc0b6614e0796e0acb3e234cc3d2","total_discounts":"0.00","total_discounts_set":{"shop_money":{"amount":"0.00","currency_code":"INR"},"presentment_money":{"amount":"0.00","currency_code":"INR"}},"total_line_items_price":"219.00","total_line_items_price_set":{"shop_money":{"amount":"219.00","currency_code":"INR"},"presentment_money":{"amount":"219.00","currency_code":"INR"}},"total_outstanding":"268.42","total_price":"268.42","total_price_set":{"shop_money":{"amount":"268.42","currency_code":"INR"},"presentment_money":{"amount":"268.42","currency_code":"INR"}},"total_shipping_price_set":{"shop_money":{"amount":"10.00","currency_code":"INR"},"presentment_money":{"amount":"10.00","currency_code":"INR"}},"total_tax":"39.42","total_tax_set":{"shop_money":{"amount":"39.42","currency_code":"INR"},"presentment_money":{"amount":"39.42","currency_code":"INR"}},"total_tip_received":"0.00","total_weight":1200,"updated_at":"2023-11-26T10:08:15+05:30","user_id":null,"billing_address":{"first_name":"TEST","address1":"Bharat Sevashram Sangha-Entrance Gate, Ballygunge Ekdalia Ballygunge","phone":null,"city":"Kolkata","zip":"700019","province":"West Bengal","country":"India","last_name":"Order","address2":null,"company":null,"latitude":null,"longitude":null,"name":"TEST Order","country_code":"IN","province_code":"WB"},"customer":{"id":7631176565045,"email":null,"accepts_marketing":false,"created_at":"2023-11-26T10:08:13+05:30","updated_at":"2023-11-26T10:08:14+05:30","first_name":"TEST","last_name":"Order","state":"disabled","note":null,"verified_email":true,"multipass_identifier":null,"tax_exempt":false,"phone":"+919087679678","email_marketing_consent":null,"sms_marketing_consent":{"state":"not_subscribed","opt_in_level":"single_opt_in","consent_updated_at":null,"consent_collected_from":"SHOPIFY"},"tags":"","currency":"INR","accepts_marketing_updated_at":"2023-11-26T10:08:14+05:30","marketing_opt_in_level":null,"tax_exemptions":[],"admin_graphql_api_id":"gid:\/\/shopify\/Customer\/7631176565045","default_address":{"id":9725758734645,"customer_id":7631176565045,"first_name":"TEST","last_name":"Order","company":null,"address1":"Bharat Sevashram Sangha-Entrance Gate, Ballygunge Ekdalia Ballygunge","address2":null,"city":"Kolkata","province":"West Bengal","country":"India","zip":"700019","phone":null,"name":"TEST Order","province_code":"WB","country_code":"IN","country_name":"India","default":true}},"discount_applications":[],"fulfillments":[],"line_items":[{"id":14764077842741,"admin_graphql_api_id":"gid:\/\/shopify\/LineItem\/14764077842741","attributed_staffs":[],"fulfillable_quantity":2,"fulfillment_service":"manual","fulfillment_status":null,"gift_card":false,"grams":500,"name":"Artifisial Jwellary","price":"10.00","price_set":{"shop_money":{"amount":"10.00","currency_code":"INR"},"presentment_money":{"amount":"10.00","currency_code":"INR"}},"product_exists":true,"product_id":8943289696565,"properties":[],"quantity":2,"requires_shipping":true,"sku":"1234","taxable":true,"title":"Artifisial Jwellary","total_discount":"0.00","total_discount_set":{"shop_money":{"amount":"0.00","currency_code":"INR"},"presentment_money":{"amount":"0.00","currency_code":"INR"}},"variant_id":47475879182645,"variant_inventory_management":"shopify","variant_title":null,"vendor":"Fusion Retail Service","tax_lines":[{"channel_liable":false,"price":"1.80","price_set":{"shop_money":{"amount":"1.80","currency_code":"INR"},"presentment_money":{"amount":"1.80","currency_code":"INR"}},"rate":0.09,"title":"CGST"},{"channel_liable":false,"price":"1.80","price_set":{"shop_money":{"amount":"1.80","currency_code":"INR"},"presentment_money":{"amount":"1.80","currency_code":"INR"}},"rate":0.09,"title":"SGST"}],"duties":[],"discount_allocations":[]},{"id":14764077875509,"admin_graphql_api_id":"gid:\/\/shopify\/LineItem\/14764077875509","attributed_staffs":[],"fulfillable_quantity":1,"fulfillment_service":"manual","fulfillment_status":null,"gift_card":false,"grams":200,"name":"Oversized T Shirt","price":"199.00","price_set":{"shop_money":{"amount":"199.00","currency_code":"INR"},"presentment_money":{"amount":"199.00","currency_code":"INR"}},"product_exists":true,"product_id":8940335989045,"properties":[],"quantity":1,"requires_shipping":true,"sku":"1234","taxable":true,"title":"Oversized T Shirt","total_discount":"0.00","total_discount_set":{"shop_money":{"amount":"0.00","currency_code":"INR"},"presentment_money":{"amount":"0.00","currency_code":"INR"}},"variant_id":47467742331189,"variant_inventory_management":"shopify","variant_title":null,"vendor":"My Store","tax_lines":[{"channel_liable":false,"price":"17.91","price_set":{"shop_money":{"amount":"17.91","currency_code":"INR"},"presentment_money":{"amount":"17.91","currency_code":"INR"}},"rate":0.09,"title":"CGST"},{"channel_liable":false,"price":"17.91","price_set":{"shop_money":{"amount":"17.91","currency_code":"INR"},"presentment_money":{"amount":"17.91","currency_code":"INR"}},"rate":0.09,"title":"SGST"}],"duties":[],"discount_allocations":[]}],"payment_terms":null,"refunds":[],"shipping_address":{"first_name":"TEST","address1":"Bharat Sevashram Sangha-Entrance Gate, Ballygunge Ekdalia Ballygunge","phone":null,"city":"Kolkata","zip":"700019","province":"West Bengal","country":"India","last_name":"Order","address2":null,"company":null,"latitude":22.522195,"longitude":88.3710735,"name":"TEST Order","country_code":"IN","province_code":"WB"},"shipping_lines":[{"id":4942893023541,"carrier_identifier":"650f1a14fa979ec5c74d063e968411d4","code":"Standard","discounted_price":"10.00","discounted_price_set":{"shop_money":{"amount":"10.00","currency_code":"INR"},"presentment_money":{"amount":"10.00","currency_code":"INR"}},"phone":null,"price":"10.00","price_set":{"shop_money":{"amount":"10.00","currency_code":"INR"},"presentment_money":{"amount":"10.00","currency_code":"INR"}},"requested_fulfillment_service_id":null,"source":"shopify","title":"Standard","tax_lines":[],"discount_allocations":[]}]},{"id":5839029600565,"admin_graphql_api_id":"gid:\/\/shopify\/Order\/5839029600565","app_id":580111,"browser_ip":"49.37.40.112","buyer_accepts_marketing":false,"cancel_reason":"customer","cancelled_at":"2023-11-26T10:04:04+05:30","cart_token":"c1-219529374c562442496a82e68e847e21","checkout_id":37076782317877,"checkout_token":"e1f48ae9d7dc6f853d16ce7fd4deabaa","client_details":{"accept_language":"en-IN","browser_height":null,"browser_ip":"49.37.40.112","browser_width":null,"session_hash":null,"user_agent":"Mozilla\/5.0 (Windows NT 10.0; Win64; x64) AppleWebKit\/537.36 (KHTML, like Gecko) Chrome\/119.0.0.0 Safari\/537.36"},"closed_at":null,"confirmation_number":"K7Y12RJY1","confirmed":true,"contact_email":null,"created_at":"2023-11-25T12:21:34+05:30","currency":"INR","current_subtotal_price":"209.00","current_subtotal_price_set":{"shop_money":{"amount":"209.00","currency_code":"INR"},"presentment_money":{"amount":"209.00","currency_code":"INR"}},"current_total_additional_fees_set":null,"current_total_discounts":"0.00","current_total_discounts_set":{"shop_money":{"amount":"0.00","currency_code":"INR"},"presentment_money":{"amount":"0.00","currency_code":"INR"}},"current_total_duties_set":null,"current_total_price":"275.43","current_total_price_set":{"shop_money":{"amount":"275.43","currency_code":"INR"},"presentment_money":{"amount":"275.43","currency_code":"INR"}},"current_total_tax":"56.43","current_total_tax_set":{"shop_money":{"amount":"56.43","currency_code":"INR"},"presentment_money":{"amount":"56.43","currency_code":"INR"}},"customer_locale":"en-IN","device_id":null,"discount_codes":[],"email":"","estimated_taxes":false,"financial_status":"pending","fulfillment_status":"restocked","landing_site":"\/","landing_site_ref":null,"location_id":null,"merchant_of_record_app_id":null,"name":"FS1006","note":null,"note_attributes":[],"number":6,"order_number":1006,"order_status_url":"https:\/\/8c86ed-3.myshopify.com\/84809515317\/orders\/f128c09802a28a7cbf5b27a06be901a9\/authenticate?key=14ebe93f01bf3fefaf738533665c6e8b","original_total_additional_fees_set":null,"original_total_duties_set":null,"payment_gateway_names":["Cash on Delivery (COD)","PhonePe PG"],"phone":"+919883170493","po_number":null,"presentment_currency":"INR","processed_at":"2023-11-25T12:21:33+05:30","reference":"1c3bebd09fd0fe3d0529df65c8f56fc3","referring_site":"","source_identifier":"1c3bebd09fd0fe3d0529df65c8f56fc3","source_name":"web","source_url":null,"subtotal_price":"209.00","subtotal_price_set":{"shop_money":{"amount":"209.00","currency_code":"INR"},"presentment_money":{"amount":"209.00","currency_code":"INR"}},"tags":"","tax_exempt":false,"tax_lines":[{"price":"18.81","rate":0.09,"title":"CGST","price_set":{"shop_money":{"amount":"18.81","currency_code":"INR"},"presentment_money":{"amount":"18.81","currency_code":"INR"}},"channel_liable":false},{"price":"37.62","rate":0.18,"title":"IGST","price_set":{"shop_money":{"amount":"37.62","currency_code":"INR"},"presentment_money":{"amount":"37.62","currency_code":"INR"}},"channel_liable":false}],"taxes_included":false,"test":false,"token":"f128c09802a28a7cbf5b27a06be901a9","total_discounts":"0.00","total_discounts_set":{"shop_money":{"amount":"0.00","currency_code":"INR"},"presentment_money":{"amount":"0.00","currency_code":"INR"}},"total_line_items_price":"209.00","total_line_items_price_set":{"shop_money":{"amount":"209.00","currency_code":"INR"},"presentment_money":{"amount":"209.00","currency_code":"INR"}},"total_outstanding":"275.43","total_price":"275.43","total_price_set":{"shop_money":{"amount":"275.43","currency_code":"INR"},"presentment_money":{"amount":"275.43","currency_code":"INR"}},"total_shipping_price_set":{"shop_money":{"amount":"10.00","currency_code":"INR"},"presentment_money":{"amount":"10.00","currency_code":"INR"}},"total_tax":"56.43","total_tax_set":{"shop_money":{"amount":"56.43","currency_code":"INR"},"presentment_money":{"amount":"56.43","currency_code":"INR"}},"total_tip_received":"0.00","total_weight":700,"updated_at":"2023-11-26T10:04:04+05:30","user_id":null,"billing_address":{"first_name":"Kelo","address1":"Madurdaha Hussainpur","phone":null,"city":"Kolkata","zip":"700107","province":"West Bengal","country":"India","last_name":"Patha","address2":null,"company":null,"latitude":null,"longitude":null,"name":"Kelo Patha","country_code":"IN","province_code":"WB"},"customer":{"id":7629214122293,"email":null,"accepts_marketing":false,"created_at":"2023-11-25T10:49:47+05:30","updated_at":"2023-11-25T12:21:35+05:30","first_name":"Kelo","last_name":"Patha","state":"disabled","note":null,"verified_email":true,"multipass_identifier":null,"tax_exempt":false,"phone":"+919883170493","email_marketing_consent":null,"sms_marketing_consent":{"state":"not_subscribed","opt_in_level":"single_opt_in","consent_updated_at":null,"consent_collected_from":"SHOPIFY"},"tags":"","currency":"INR","accepts_marketing_updated_at":"2023-11-25T12:21:35+05:30","marketing_opt_in_level":null,"tax_exemptions":[],"admin_graphql_api_id":"gid:\/\/shopify\/Customer\/7629214122293","default_address":{"id":9723902394677,"customer_id":7629214122293,"first_name":"Kelo","last_name":"Patha","company":null,"address1":"Madurdaha Hussainpur","address2":null,"city":"Kolkata","province":"West Bengal","country":"India","zip":"700107","phone":null,"name":"Kelo Patha","province_code":"WB","country_code":"IN","country_name":"India","default":true}},"discount_applications":[],"fulfillments":[],"line_items":[{"id":14761114435893,"admin_graphql_api_id":"gid:\/\/shopify\/LineItem\/14761114435893","attributed_staffs":[],"fulfillable_quantity":1,"fulfillment_service":"manual","fulfillment_status":"restocked","gift_card":false,"grams":500,"name":"Artifisial Jwellary","price":"10.00","price_set":{"shop_money":{"amount":"10.00","currency_code":"INR"},"presentment_money":{"amount":"10.00","currency_code":"INR"}},"product_exists":true,"product_id":8943289696565,"properties":[],"quantity":1,"requires_shipping":true,"sku":"1234","taxable":true,"title":"Artifisial Jwellary","total_discount":"0.00","total_discount_set":{"shop_money":{"amount":"0.00","currency_code":"INR"},"presentment_money":{"amount":"0.00","currency_code":"INR"}},"variant_id":47475879182645,"variant_inventory_management":"shopify","variant_title":null,"vendor":"Fusion Retail Service","tax_lines":[{"channel_liable":false,"price":"0.90","price_set":{"shop_money":{"amount":"0.90","currency_code":"INR"},"presentment_money":{"amount":"0.90","currency_code":"INR"}},"rate":0.09,"title":"CGST"},{"channel_liable":false,"price":"1.80","price_set":{"shop_money":{"amount":"1.80","currency_code":"INR"},"presentment_money":{"amount":"1.80","currency_code":"INR"}},"rate":0.18,"title":"IGST"}],"duties":[],"discount_allocations":[]},{"id":14761114468661,"admin_graphql_api_id":"gid:\/\/shopify\/LineItem\/14761114468661","attributed_staffs":[],"fulfillable_quantity":1,"fulfillment_service":"manual","fulfillment_status":"restocked","gift_card":false,"grams":200,"name":"Oversized T Shirt","price":"199.00","price_set":{"shop_money":{"amount":"199.00","currency_code":"INR"},"presentment_money":{"amount":"199.00","currency_code":"INR"}},"product_exists":true,"product_id":8940335989045,"properties":[],"quantity":1,"requires_shipping":true,"sku":"1234","taxable":true,"title":"Oversized T Shirt","total_discount":"0.00","total_discount_set":{"shop_money":{"amount":"0.00","currency_code":"INR"},"presentment_money":{"amount":"0.00","currency_code":"INR"}},"variant_id":47467742331189,"variant_inventory_management":"shopify","variant_title":null,"vendor":"My Store","tax_lines":[{"channel_liable":false,"price":"17.91","price_set":{"shop_money":{"amount":"17.91","currency_code":"INR"},"presentment_money":{"amount":"17.91","currency_code":"INR"}},"rate":0.09,"title":"CGST"},{"channel_liable":false,"price":"35.82","price_set":{"shop_money":{"amount":"35.82","currency_code":"INR"},"presentment_money":{"amount":"35.82","currency_code":"INR"}},"rate":0.18,"title":"IGST"}],"duties":[],"discount_allocations":[]}],"payment_terms":null,"refunds":[],"shipping_address":{"first_name":"Kelo","address1":"Madurdaha Hussainpur","phone":null,"city":"Kolkata","zip":"700107","province":"West Bengal","country":"India","last_name":"Patha","address2":null,"company":null,"latitude":null,"longitude":null,"name":"Kelo Patha","country_code":"IN","province_code":"WB"},"shipping_lines":[{"id":4941704921397,"carrier_identifier":"650f1a14fa979ec5c74d063e968411d4","code":"Standard","discounted_price":"10.00","discounted_price_set":{"shop_money":{"amount":"10.00","currency_code":"INR"},"presentment_money":{"amount":"10.00","currency_code":"INR"}},"phone":null,"price":"10.00","price_set":{"shop_money":{"amount":"10.00","currency_code":"INR"},"presentment_money":{"amount":"10.00","currency_code":"INR"}},"requested_fulfillment_service_id":null,"source":"shopify","title":"Standard","tax_lines":[],"discount_allocations":[]}]},{"id":5834583933237,"admin_graphql_api_id":"gid:\/\/shopify\/Order\/5834583933237","app_id":580111,"browser_ip":"49.37.42.66","buyer_accepts_marketing":false,"cancel_reason":"declined","cancelled_at":"2023-11-26T10:04:41+05:30","cart_token":"c1-e13df96349b086e13a94ccbbbd930e55","checkout_id":37070000521525,"checkout_token":"0359898401ac5eec2d711f0e94068095","client_details":{"accept_language":"en-IN","browser_height":null,"browser_ip":"49.37.42.66","browser_width":null,"session_hash":null,"user_agent":"Mozilla\/5.0 (Windows NT 10.0; Win64; x64) AppleWebKit\/537.36 (KHTML, like Gecko) Chrome\/119.0.0.0 Safari\/537.36"},"closed_at":null,"confirmation_number":"80MAFKKXV","confirmed":true,"contact_email":null,"created_at":"2023-11-23T14:39:03+05:30","currency":"INR","current_subtotal_price":"10.00","current_subtotal_price_set":{"shop_money":{"amount":"10.00","currency_code":"INR"},"presentment_money":{"amount":"10.00","currency_code":"INR"}},"current_total_additional_fees_set":null,"current_total_discounts":"0.00","current_total_discounts_set":{"shop_money":{"amount":"0.00","currency_code":"INR"},"presentment_money":{"amount":"0.00","currency_code":"INR"}},"current_total_duties_set":null,"current_total_price":"22.70","current_total_price_set":{"shop_money":{"amount":"22.70","currency_code":"INR"},"presentment_money":{"amount":"22.70","currency_code":"INR"}},"current_total_tax":"2.70","current_total_tax_set":{"shop_money":{"amount":"2.70","currency_code":"INR"},"presentment_money":{"amount":"2.70","currency_code":"INR"}},"customer_locale":"en-IN","device_id":null,"discount_codes":[],"email":"","estimated_taxes":false,"financial_status":"pending","fulfillment_status":"restocked","landing_site":"\/","landing_site_ref":null,"location_id":null,"merchant_of_record_app_id":null,"name":"FS1005","note":null,"note_attributes":[],"number":5,"order_number":1005,"order_status_url":"https:\/\/8c86ed-3.myshopify.com\/84809515317\/orders\/57dc3f346be3707cadb8fdb1ec7e5cd5\/authenticate?key=6a5488406f071837cf96a4f56d51f3cb","original_total_additional_fees_set":null,"original_total_duties_set":null,"payment_gateway_names":["Cash on Delivery (COD)"],"phone":"+919088567422","po_number":null,"presentment_currency":"INR","processed_at":"2023-11-23T14:39:02+05:30","reference":"3b96f8081bf0221c4b4927b3ac04c21e","referring_site":"","source_identifier":"3b96f8081bf0221c4b4927b3ac04c21e","source_name":"web","source_url":null,"subtotal_price":"10.00","subtotal_price_set":{"shop_money":{"amount":"10.00","currency_code":"INR"},"presentment_money":{"amount":"10.00","currency_code":"INR"}},"tags":"","tax_exempt":false,"tax_lines":[{"price":"0.90","rate":0.09,"title":"CGST","price_set":{"shop_money":{"amount":"0.90","currency_code":"INR"},"presentment_money":{"amount":"0.90","currency_code":"INR"}},"channel_liable":false},{"price":"1.80","rate":0.18,"title":"IGST","price_set":{"shop_money":{"amount":"1.80","currency_code":"INR"},"presentment_money":{"amount":"1.80","currency_code":"INR"}},"channel_liable":false}],"taxes_included":false,"test":false,"token":"57dc3f346be3707cadb8fdb1ec7e5cd5","total_discounts":"0.00","total_discounts_set":{"shop_money":{"amount":"0.00","currency_code":"INR"},"presentment_money":{"amount":"0.00","currency_code":"INR"}},"total_line_items_price":"10.00","total_line_items_price_set":{"shop_money":{"amount":"10.00","currency_code":"INR"},"presentment_money":{"amount":"10.00","currency_code":"INR"}},"total_outstanding":"22.70","total_price":"22.70","total_price_set":{"shop_money":{"amount":"22.70","currency_code":"INR"},"presentment_money":{"amount":"22.70","currency_code":"INR"}},"total_shipping_price_set":{"shop_money":{"amount":"10.00","currency_code":"INR"},"presentment_money":{"amount":"10.00","currency_code":"INR"}},"total_tax":"2.70","total_tax_set":{"shop_money":{"amount":"2.70","currency_code":"INR"},"presentment_money":{"amount":"2.70","currency_code":"INR"}},"total_tip_received":"0.00","total_weight":500,"updated_at":"2023-11-26T10:04:41+05:30","user_id":null,"billing_address":{"first_name":"Shanu","address1":"65 Pally Club 1061 Tollygunge Road Sahanagar Kalighat","phone":null,"city":"Kolkata","zip":"700026","province":"West Bengal","country":"India","last_name":"Karmakar","address2":null,"company":null,"latitude":null,"longitude":null,"name":"Shanu Karmakar","country_code":"IN","province_code":"WB"},"customer":{"id":7621845582133,"email":null,"accepts_marketing":false,"created_at":"2023-11-22T09:44:44+05:30","updated_at":"2023-11-23T14:39:04+05:30","first_name":"Shanu","last_name":"Karmakar","state":"disabled","note":null,"verified_email":true,"multipass_identifier":null,"tax_exempt":false,"phone":"+919088567422","email_marketing_consent":null,"sms_marketing_consent":{"state":"not_subscribed","opt_in_level":"single_opt_in","consent_updated_at":null,"consent_collected_from":"SHOPIFY"},"tags":"","currency":"INR","accepts_marketing_updated_at":"2023-11-23T14:39:04+05:30","marketing_opt_in_level":null,"tax_exemptions":[],"admin_graphql_api_id":"gid:\/\/shopify\/Customer\/7621845582133","default_address":{"id":9718271279413,"customer_id":7621845582133,"first_name":"Shanu","last_name":"Karmakar","company":null,"address1":"65 Pally Club 1061 Tollygunge Road Sahanagar Kalighat","address2":null,"city":"Kolkata","province":"West Bengal","country":"India","zip":"700026","phone":null,"name":"Shanu Karmakar","province_code":"WB","country_code":"IN","country_name":"India","default":true}},"discount_applications":[],"fulfillments":[],"line_items":[{"id":14750508155189,"admin_graphql_api_id":"gid:\/\/shopify\/LineItem\/14750508155189","attributed_staffs":[],"fulfillable_quantity":1,"fulfillment_service":"manual","fulfillment_status":"restocked","gift_card":false,"grams":500,"name":"Artifisial Jwellary","price":"10.00","price_set":{"shop_money":{"amount":"10.00","currency_code":"INR"},"presentment_money":{"amount":"10.00","currency_code":"INR"}},"product_exists":true,"product_id":8943289696565,"properties":[],"quantity":1,"requires_shipping":true,"sku":"1234","taxable":true,"title":"Artifisial Jwellary","total_discount":"0.00","total_discount_set":{"shop_money":{"amount":"0.00","currency_code":"INR"},"presentment_money":{"amount":"0.00","currency_code":"INR"}},"variant_id":47475879182645,"variant_inventory_management":"shopify","variant_title":null,"vendor":"Fusion Retail Service","tax_lines":[{"channel_liable":false,"price":"0.90","price_set":{"shop_money":{"amount":"0.90","currency_code":"INR"},"presentment_money":{"amount":"0.90","currency_code":"INR"}},"rate":0.09,"title":"CGST"},{"channel_liable":false,"price":"1.80","price_set":{"shop_money":{"amount":"1.80","currency_code":"INR"},"presentment_money":{"amount":"1.80","currency_code":"INR"}},"rate":0.18,"title":"IGST"}],"duties":[],"discount_allocations":[]}],"payment_terms":null,"refunds":[],"shipping_address":{"first_name":"Shanu","address1":"65 Pally Club 1061 Tollygunge Road Sahanagar Kalighat","phone":null,"city":"Kolkata","zip":"700026","province":"West Bengal","country":"India","last_name":"Karmakar","address2":null,"company":null,"latitude":22.5137511,"longitude":88.3414501,"name":"Shanu Karmakar","country_code":"IN","province_code":"WB"},"shipping_lines":[{"id":4937906651445,"carrier_identifier":"650f1a14fa979ec5c74d063e968411d4","code":"Standard","discounted_price":"10.00","discounted_price_set":{"shop_money":{"amount":"10.00","currency_code":"INR"},"presentment_money":{"amount":"10.00","currency_code":"INR"}},"phone":null,"price":"10.00","price_set":{"shop_money":{"amount":"10.00","currency_code":"INR"},"presentment_money":{"amount":"10.00","currency_code":"INR"}},"requested_fulfillment_service_id":null,"source":"shopify","title":"Standard","tax_lines":[],"discount_allocations":[]}]},{"id":5834575348021,"admin_graphql_api_id":"gid:\/\/shopify\/Order\/5834575348021","app_id":580111,"browser_ip":"49.37.42.66","buyer_accepts_marketing":false,"cancel_reason":"declined","cancelled_at":"2023-11-26T10:04:41+05:30","cart_token":"c1-333365a3d735f640b08c518f87eb219b","checkout_id":37069996097845,"checkout_token":"38185f36f7b07fdd5774b9c3ae1789d5","client_details":{"accept_language":"en","browser_height":null,"browser_ip":"49.37.42.66","browser_width":null,"session_hash":null,"user_agent":"Mozilla\/5.0 (Windows NT 10.0; Win64; x64) AppleWebKit\/537.36 (KHTML, like Gecko) Chrome\/119.0.0.0 Safari\/537.36"},"closed_at":null,"confirmation_number":"EN8P71520","confirmed":true,"contact_email":null,"created_at":"2023-11-23T14:33:48+05:30","currency":"INR","current_subtotal_price":"10.00","current_subtotal_price_set":{"shop_money":{"amount":"10.00","currency_code":"INR"},"presentment_money":{"amount":"10.00","currency_code":"INR"}},"current_total_additional_fees_set":null,"current_total_discounts":"0.00","current_total_discounts_set":{"shop_money":{"amount":"0.00","currency_code":"INR"},"presentment_money":{"amount":"0.00","currency_code":"INR"}},"current_total_duties_set":null,"current_total_price":"21.80","current_total_price_set":{"shop_money":{"amount":"21.80","currency_code":"INR"},"presentment_money":{"amount":"21.80","currency_code":"INR"}},"current_total_tax":"1.80","current_total_tax_set":{"shop_money":{"amount":"1.80","currency_code":"INR"},"presentment_money":{"amount":"1.80","currency_code":"INR"}},"customer_locale":"en","device_id":null,"discount_codes":[],"email":"","estimated_taxes":false,"financial_status":"pending","fulfillment_status":"restocked","landing_site":"\/","landing_site_ref":null,"location_id":null,"merchant_of_record_app_id":null,"name":"FS1004","note":null,"note_attributes":[],"number":4,"order_number":1004,"order_status_url":"https:\/\/8c86ed-3.myshopify.com\/84809515317\/orders\/02efbe1091c9eaaafcfaeef44fcc65da\/authenticate?key=761647c72df536771c0611e844011a5b","original_total_additional_fees_set":null,"original_total_duties_set":null,"payment_gateway_names":["Cash on Delivery (COD)"],"phone":"+919088567422","po_number":null,"presentment_currency":"INR","processed_at":"2023-11-23T14:33:47+05:30","reference":"a189af1a92a657c9467013db1ac82651","referring_site":"","source_identifier":"a189af1a92a657c9467013db1ac82651","source_name":"web","source_url":null,"subtotal_price":"10.00","subtotal_price_set":{"shop_money":{"amount":"10.00","currency_code":"INR"},"presentment_money":{"amount":"10.00","currency_code":"INR"}},"tags":"","tax_exempt":false,"tax_lines":[{"price":"1.80","rate":0.18,"title":"IGST","price_set":{"shop_money":{"amount":"1.80","currency_code":"INR"},"presentment_money":{"amount":"1.80","currency_code":"INR"}},"channel_liable":false}],"taxes_included":false,"test":false,"token":"02efbe1091c9eaaafcfaeef44fcc65da","total_discounts":"0.00","total_discounts_set":{"shop_money":{"amount":"0.00","currency_code":"INR"},"presentment_money":{"amount":"0.00","currency_code":"INR"}},"total_line_items_price":"10.00","total_line_items_price_set":{"shop_money":{"amount":"10.00","currency_code":"INR"},"presentment_money":{"amount":"10.00","currency_code":"INR"}},"total_outstanding":"21.80","total_price":"21.80","total_price_set":{"shop_money":{"amount":"21.80","currency_code":"INR"},"presentment_money":{"amount":"21.80","currency_code":"INR"}},"total_shipping_price_set":{"shop_money":{"amount":"10.00","currency_code":"INR"},"presentment_money":{"amount":"10.00","currency_code":"INR"}},"total_tax":"1.80","total_tax_set":{"shop_money":{"amount":"1.80","currency_code":"INR"},"presentment_money":{"amount":"1.80","currency_code":"INR"}},"total_tip_received":"0.00","total_weight":500,"updated_at":"2023-11-26T10:04:41+05:30","user_id":null,"billing_address":{"first_name":"Shanu","address1":"658A Rabindra Sarani Baghbazar","phone":null,"city":"• Kolkata, कोलकाता, कलकत्ता, City of Joy, Calcutta, Kolkata district, कोलकाता kkkkkkkkkkkooooooookkkkkk","zip":"700003","province":"West Bengal","country":"India","last_name":"Karmakar","address2":null,"company":null,"latitude":null,"longitude":null,"name":"Shanu Karmakar","country_code":"IN","province_code":"WB"},"customer":{"id":7621845582133,"email":null,"accepts_marketing":false,"created_at":"2023-11-22T09:44:44+05:30","updated_at":"2023-11-23T14:39:04+05:30","first_name":"Shanu","last_name":"Karmakar","state":"disabled","note":null,"verified_email":true,"multipass_identifier":null,"tax_exempt":false,"phone":"+919088567422","email_marketing_consent":null,"sms_marketing_consent":{"state":"not_subscribed","opt_in_level":"single_opt_in","consent_updated_at":null,"consent_collected_from":"SHOPIFY"},"tags":"","currency":"INR","accepts_marketing_updated_at":"2023-11-23T14:39:04+05:30","marketing_opt_in_level":null,"tax_exemptions":[],"admin_graphql_api_id":"gid:\/\/shopify\/Customer\/7621845582133","default_address":{"id":9718271279413,"customer_id":7621845582133,"first_name":"Shanu","last_name":"Karmakar","company":null,"address1":"65 Pally Club 1061 Tollygunge Road Sahanagar Kalighat","address2":null,"city":"Kolkata","province":"West Bengal","country":"India","zip":"700026","phone":null,"name":"Shanu Karmakar","province_code":"WB","country_code":"IN","country_name":"India","default":true}},"discount_applications":[],"fulfillments":[],"line_items":[{"id":14750486331701,"admin_graphql_api_id":"gid:\/\/shopify\/LineItem\/14750486331701","attributed_staffs":[],"fulfillable_quantity":1,"fulfillment_service":"manual","fulfillment_status":"restocked","gift_card":false,"grams":500,"name":"Artifisial Jwellary","price":"10.00","price_set":{"shop_money":{"amount":"10.00","currency_code":"INR"},"presentment_money":{"amount":"10.00","currency_code":"INR"}},"product_exists":true,"product_id":8943289696565,"properties":[],"quantity":1,"requires_shipping":true,"sku":"1234","taxable":true,"title":"Artifisial Jwellary","total_discount":"0.00","total_discount_set":{"shop_money":{"amount":"0.00","currency_code":"INR"},"presentment_money":{"amount":"0.00","currency_code":"INR"}},"variant_id":47475879182645,"variant_inventory_management":"shopify","variant_title":null,"vendor":"Fusion Retail Service","tax_lines":[{"channel_liable":false,"price":"1.80","price_set":{"shop_money":{"amount":"1.80","currency_code":"INR"},"presentment_money":{"amount":"1.80","currency_code":"INR"}},"rate":0.18,"title":"IGST"}],"duties":[],"discount_allocations":[]}],"payment_terms":null,"refunds":[],"shipping_address":{"first_name":"Shanu","address1":"658A Rabindra Sarani Baghbazar","phone":null,"city":"• Kolkata, कोलकाता, कलकत्ता, City of Joy, Calcutta, Kolkata district, कोलकाता kkkkkkkkkkkooooooookkkkkk","zip":"700003","province":"West Bengal","country":"India","last_name":"Karmakar","address2":null,"company":null,"latitude":22.6053096,"longitude":88.3658738,"name":"Shanu Karmakar","country_code":"IN","province_code":"WB"},"shipping_lines":[{"id":4937899901237,"carrier_identifier":"650f1a14fa979ec5c74d063e968411d4","code":"Standard","discounted_price":"10.00","discounted_price_set":{"shop_money":{"amount":"10.00","currency_code":"INR"},"presentment_money":{"amount":"10.00","currency_code":"INR"}},"phone":null,"price":"10.00","price_set":{"shop_money":{"amount":"10.00","currency_code":"INR"},"presentment_money":{"amount":"10.00","currency_code":"INR"}},"requested_fulfillment_service_id":null,"source":"shopify","title":"Standard","tax_lines":[],"discount_allocations":[]}]},{"id":5834337288501,"admin_graphql_api_id":"gid:\/\/shopify\/Order\/5834337288501","app_id":580111,"browser_ip":"157.40.100.147","buyer_accepts_marketing":false,"cancel_reason":"declined","cancelled_at":"2023-11-26T10:04:41+05:30","cart_token":"c1-88d3733ba439b856628ed934d4c5564a","checkout_id":37069649871157,"checkout_token":"18da3f886c37da09994c12e66582a1fe","client_details":{"accept_language":"en-IN","browser_height":null,"browser_ip":"157.40.100.147","browser_width":null,"session_hash":null,"user_agent":"Mozilla\/5.0 (Windows NT 10.0; Win64; x64) AppleWebKit\/537.36 (KHTML, like Gecko) Chrome\/119.0.0.0 Safari\/537.36"},"closed_at":null,"confirmation_number":"22K5WK5LK","confirmed":true,"contact_email":null,"created_at":"2023-11-23T10:07:55+05:30","currency":"INR","current_subtotal_price":"10.00","current_subtotal_price_set":{"shop_money":{"amount":"10.00","currency_code":"INR"},"presentment_money":{"amount":"10.00","currency_code":"INR"}},"current_total_additional_fees_set":null,"current_total_discounts":"0.00","current_total_discounts_set":{"shop_money":{"amount":"0.00","currency_code":"INR"},"presentment_money":{"amount":"0.00","currency_code":"INR"}},"current_total_duties_set":null,"current_total_price":"11.80","current_total_price_set":{"shop_money":{"amount":"11.80","currency_code":"INR"},"presentment_money":{"amount":"11.80","currency_code":"INR"}},"current_total_tax":"1.80","current_total_tax_set":{"shop_money":{"amount":"1.80","currency_code":"INR"},"presentment_money":{"amount":"1.80","currency_code":"INR"}},"customer_locale":"en-IN","device_id":null,"discount_codes":[],"email":"","estimated_taxes":false,"financial_status":"pending","fulfillment_status":"restocked","landing_site":"\/","landing_site_ref":null,"location_id":null,"merchant_of_record_app_id":null,"name":"FS1003","note":null,"note_attributes":[],"number":3,"order_number":1003,"order_status_url":"https:\/\/8c86ed-3.myshopify.com\/84809515317\/orders\/ae90acdde68b686d77686b4e21a4b4d6\/authenticate?key=5a72588aa42b02251d162e46dbc1efb5","original_total_additional_fees_set":null,"original_total_duties_set":null,"payment_gateway_names":["Prepaid"],"phone":"+919088567422","po_number":null,"presentment_currency":"INR","processed_at":"2023-11-23T10:07:53+05:30","reference":"ed4df5d7d9416234d0c8d7f291dd9b21","referring_site":"","source_identifier":"ed4df5d7d9416234d0c8d7f291dd9b21","source_name":"web","source_url":null,"subtotal_price":"10.00","subtotal_price_set":{"shop_money":{"amount":"10.00","currency_code":"INR"},"presentment_money":{"amount":"10.00","currency_code":"INR"}},"tags":"","tax_exempt":false,"tax_lines":[{"price":"1.80","rate":0.18,"title":"IGST","price_set":{"shop_money":{"amount":"1.80","currency_code":"INR"},"presentment_money":{"amount":"1.80","currency_code":"INR"}},"channel_liable":false}],"taxes_included":false,"test":false,"token":"ae90acdde68b686d77686b4e21a4b4d6","total_discounts":"0.00","total_discounts_set":{"shop_money":{"amount":"0.00","currency_code":"INR"},"presentment_money":{"amount":"0.00","currency_code":"INR"}},"total_line_items_price":"10.00","total_line_items_price_set":{"shop_money":{"amount":"10.00","currency_code":"INR"},"presentment_money":{"amount":"10.00","currency_code":"INR"}},"total_outstanding":"11.80","total_price":"11.80","total_price_set":{"shop_money":{"amount":"11.80","currency_code":"INR"},"presentment_money":{"amount":"11.80","currency_code":"INR"}},"total_shipping_price_set":{"shop_money":{"amount":"0.00","currency_code":"INR"},"presentment_money":{"amount":"0.00","currency_code":"INR"}},"total_tax":"1.80","total_tax_set":{"shop_money":{"amount":"1.80","currency_code":"INR"},"presentment_money":{"amount":"1.80","currency_code":"INR"}},"total_tip_received":"0.00","total_weight":500,"updated_at":"2023-11-26T10:04:41+05:30","user_id":null,"billing_address":{"first_name":"Shanu","address1":"658\/A Grand Trunk Road Khash Bagan Serampore","phone":null,"city":"Serampore","zip":"712201","province":"West Bengal","country":"India","last_name":"Karmakar","address2":null,"company":null,"latitude":null,"longitude":null,"name":"Shanu Karmakar","country_code":"IN","province_code":"WB"},"customer":{"id":7621845582133,"email":null,"accepts_marketing":false,"created_at":"2023-11-22T09:44:44+05:30","updated_at":"2023-11-23T14:39:04+05:30","first_name":"Shanu","last_name":"Karmakar","state":"disabled","note":null,"verified_email":true,"multipass_identifier":null,"tax_exempt":false,"phone":"+919088567422","email_marketing_consent":null,"sms_marketing_consent":{"state":"not_subscribed","opt_in_level":"single_opt_in","consent_updated_at":null,"consent_collected_from":"SHOPIFY"},"tags":"","currency":"INR","accepts_marketing_updated_at":"2023-11-23T14:39:04+05:30","marketing_opt_in_level":null,"tax_exemptions":[],"admin_graphql_api_id":"gid:\/\/shopify\/Customer\/7621845582133","default_address":{"id":9718271279413,"customer_id":7621845582133,"first_name":"Shanu","last_name":"Karmakar","company":null,"address1":"65 Pally Club 1061 Tollygunge Road Sahanagar Kalighat","address2":null,"city":"Kolkata","province":"West Bengal","country":"India","zip":"700026","phone":null,"name":"Shanu Karmakar","province_code":"WB","country_code":"IN","country_name":"India","default":true}},"discount_applications":[],"fulfillments":[],"line_items":[{"id":14749991797045,"admin_graphql_api_id":"gid:\/\/shopify\/LineItem\/14749991797045","attributed_staffs":[],"fulfillable_quantity":1,"fulfillment_service":"manual","fulfillment_status":"restocked","gift_card":false,"grams":500,"name":"Artifisial Jwellary","price":"10.00","price_set":{"shop_money":{"amount":"10.00","currency_code":"INR"},"presentment_money":{"amount":"10.00","currency_code":"INR"}},"product_exists":true,"product_id":8943289696565,"properties":[],"quantity":1,"requires_shipping":true,"sku":"1234","taxable":true,"title":"Artifisial Jwellary","total_discount":"0.00","total_discount_set":{"shop_money":{"amount":"0.00","currency_code":"INR"},"presentment_money":{"amount":"0.00","currency_code":"INR"}},"variant_id":47475879182645,"variant_inventory_management":"shopify","variant_title":null,"vendor":"Fusion Retail Service","tax_lines":[{"channel_liable":false,"price":"1.80","price_set":{"shop_money":{"amount":"1.80","currency_code":"INR"},"presentment_money":{"amount":"1.80","currency_code":"INR"}},"rate":0.18,"title":"IGST"}],"duties":[],"discount_allocations":[]}],"payment_terms":null,"refunds":[],"shipping_address":{"first_name":"Shanu","address1":"658\/A Grand Trunk Road Khash Bagan Serampore","phone":null,"city":"Serampore","zip":"712201","province":"West Bengal","country":"India","last_name":"Karmakar","address2":null,"company":null,"latitude":22.7501759,"longitude":88.342518,"name":"Shanu Karmakar","country_code":"IN","province_code":"WB"},"shipping_lines":[{"id":4937716400437,"carrier_identifier":"650f1a14fa979ec5c74d063e968411d4","code":"Standard","discounted_price":"0.00","discounted_price_set":{"shop_money":{"amount":"0.00","currency_code":"INR"},"presentment_money":{"amount":"0.00","currency_code":"INR"}},"phone":null,"price":"0.00","price_set":{"shop_money":{"amount":"0.00","currency_code":"INR"},"presentment_money":{"amount":"0.00","currency_code":"INR"}},"requested_fulfillment_service_id":null,"source":"shopify","title":"Standard","tax_lines":[],"discount_allocations":[]}]},{"id":5832980791605,"admin_graphql_api_id":"gid:\/\/shopify\/Order\/5832980791605","app_id":580111,"browser_ip":"157.40.120.3","buyer_accepts_marketing":false,"cancel_reason":"declined","cancelled_at":"2023-11-26T10:04:41+05:30","cart_token":"c1-7c739e2115bc2bff361dc1a4fef15816","checkout_id":37067172413749,"checkout_token":"f1cdb9e6ab4b075a76143fe79c015b3a","client_details":{"accept_language":"en-IN","browser_height":null,"browser_ip":"157.40.120.3","browser_width":null,"session_hash":null,"user_agent":"Mozilla\/5.0 (Linux; Android 10; K) AppleWebKit\/537.36 (KHTML, like Gecko) Chrome\/119.0.0.0 Mobile Safari\/537.36"},"closed_at":null,"confirmation_number":"H653EXPTK","confirmed":true,"contact_email":null,"created_at":"2023-11-22T11:14:52+05:30","currency":"INR","current_subtotal_price":"199.00","current_subtotal_price_set":{"shop_money":{"amount":"199.00","currency_code":"INR"},"presentment_money":{"amount":"199.00","currency_code":"INR"}},"current_total_additional_fees_set":null,"current_total_discounts":"0.00","current_total_discounts_set":{"shop_money":{"amount":"0.00","currency_code":"INR"},"presentment_money":{"amount":"0.00","currency_code":"INR"}},"current_total_duties_set":null,"current_total_price":"234.82","current_total_price_set":{"shop_money":{"amount":"234.82","currency_code":"INR"},"presentment_money":{"amount":"234.82","currency_code":"INR"}},"current_total_tax":"35.82","current_total_tax_set":{"shop_money":{"amount":"35.82","currency_code":"INR"},"presentment_money":{"amount":"35.82","currency_code":"INR"}},"customer_locale":"en-IN","device_id":null,"discount_codes":[],"email":"","estimated_taxes":false,"financial_status":"pending","fulfillment_status":"restocked","landing_site":"\/password","landing_site_ref":null,"location_id":null,"merchant_of_record_app_id":null,"name":"FS1002","note":null,"note_attributes":[],"number":2,"order_number":1002,"order_status_url":"https:\/\/8c86ed-3.myshopify.com\/84809515317\/orders\/bc08a3e7af2e64cb4362c0a159cb126d\/authenticate?key=652e88b0c11f64de9f15f655c15dac5b","original_total_additional_fees_set":null,"original_total_duties_set":null,"payment_gateway_names":["Cash on Delivery (COD)"],"phone":"+918013863651","po_number":null,"presentment_currency":"INR","processed_at":"2023-11-22T11:14:51+05:30","reference":"0d691810632968ca4b9c4dfff863623f","referring_site":"","source_identifier":"0d691810632968ca4b9c4dfff863623f","source_name":"web","source_url":null,"subtotal_price":"199.00","subtotal_price_set":{"shop_money":{"amount":"199.00","currency_code":"INR"},"presentment_money":{"amount":"199.00","currency_code":"INR"}},"tags":"","tax_exempt":false,"tax_lines":[{"price":"35.82","rate":0.18,"title":"IGST","price_set":{"shop_money":{"amount":"35.82","currency_code":"INR"},"presentment_money":{"amount":"35.82","currency_code":"INR"}},"channel_liable":false}],"taxes_included":false,"test":false,"token":"bc08a3e7af2e64cb4362c0a159cb126d","total_discounts":"0.00","total_discounts_set":{"shop_money":{"amount":"0.00","currency_code":"INR"},"presentment_money":{"amount":"0.00","currency_code":"INR"}},"total_line_items_price":"199.00","total_line_items_price_set":{"shop_money":{"amount":"199.00","currency_code":"INR"},"presentment_money":{"amount":"199.00","currency_code":"INR"}},"total_outstanding":"234.82","total_price":"234.82","total_price_set":{"shop_money":{"amount":"234.82","currency_code":"INR"},"presentment_money":{"amount":"234.82","currency_code":"INR"}},"total_shipping_price_set":{"shop_money":{"amount":"0.00","currency_code":"INR"},"presentment_money":{"amount":"0.00","currency_code":"INR"}},"total_tax":"35.82","total_tax_set":{"shop_money":{"amount":"35.82","currency_code":"INR"},"presentment_money":{"amount":"35.82","currency_code":"INR"}},"total_tip_received":"0.00","total_weight":200,"updated_at":"2023-11-26T10:04:41+05:30","user_id":null,"billing_address":{"first_name":"CHAPPAL","address1":"Grand Trunk Road","phone":null,"city":"Howrah","zip":"711101","province":"West Bengal","country":"India","last_name":"Singh","address2":null,"company":null,"latitude":22.5847625,"longitude":88.3343235,"name":"CHAPPAL Singh","country_code":"IN","province_code":"WB"},"customer":{"id":7621931467061,"email":null,"accepts_marketing":false,"created_at":"2023-11-22T11:14:51+05:30","updated_at":"2023-11-22T11:14:52+05:30","first_name":"CHAPPAL","last_name":"Singh","state":"disabled","note":null,"verified_email":true,"multipass_identifier":null,"tax_exempt":false,"phone":"+918013863651","email_marketing_consent":null,"sms_marketing_consent":{"state":"not_subscribed","opt_in_level":"single_opt_in","consent_updated_at":null,"consent_collected_from":"SHOPIFY"},"tags":"","currency":"INR","accepts_marketing_updated_at":"2023-11-22T11:14:52+05:30","marketing_opt_in_level":null,"tax_exemptions":[],"admin_graphql_api_id":"gid:\/\/shopify\/Customer\/7621931467061","default_address":{"id":9715757449525,"customer_id":7621931467061,"first_name":"CHAPPAL","last_name":"Singh","company":null,"address1":"Grand Trunk Road","address2":null,"city":"Howrah","province":"West Bengal","country":"India","zip":"711101","phone":null,"name":"CHAPPAL Singh","province_code":"WB","country_code":"IN","country_name":"India","default":true}},"discount_applications":[],"fulfillments":[],"line_items":[{"id":14747140981045,"admin_graphql_api_id":"gid:\/\/shopify\/LineItem\/14747140981045","attributed_staffs":[],"fulfillable_quantity":1,"fulfillment_service":"manual","fulfillment_status":"restocked","gift_card":false,"grams":200,"name":"Oversized T Shirt","price":"199.00","price_set":{"shop_money":{"amount":"199.00","currency_code":"INR"},"presentment_money":{"amount":"199.00","currency_code":"INR"}},"product_exists":true,"product_id":8940335989045,"properties":[],"quantity":1,"requires_shipping":true,"sku":"1234","taxable":true,"title":"Oversized T Shirt","total_discount":"0.00","total_discount_set":{"shop_money":{"amount":"0.00","currency_code":"INR"},"presentment_money":{"amount":"0.00","currency_code":"INR"}},"variant_id":47467742331189,"variant_inventory_management":"shopify","variant_title":null,"vendor":"My Store","tax_lines":[{"channel_liable":false,"price":"35.82","price_set":{"shop_money":{"amount":"35.82","currency_code":"INR"},"presentment_money":{"amount":"35.82","currency_code":"INR"}},"rate":0.18,"title":"IGST"}],"duties":[],"discount_allocations":[]}],"payment_terms":null,"refunds":[],"shipping_address":{"first_name":"CHAPPAL","address1":"Grand Trunk Road","phone":null,"city":"Howrah","zip":"711101","province":"West Bengal","country":"India","last_name":"Singh","address2":null,"company":null,"latitude":22.5847625,"longitude":88.3343235,"name":"CHAPPAL Singh","country_code":"IN","province_code":"WB"},"shipping_lines":[{"id":4936615723317,"carrier_identifier":"650f1a14fa979ec5c74d063e968411d4","code":"Standard","discounted_price":"0.00","discounted_price_set":{"shop_money":{"amount":"0.00","currency_code":"INR"},"presentment_money":{"amount":"0.00","currency_code":"INR"}},"phone":null,"price":"0.00","price_set":{"shop_money":{"amount":"0.00","currency_code":"INR"},"presentment_money":{"amount":"0.00","currency_code":"INR"}},"requested_fulfillment_service_id":null,"source":"shopify","title":"Standard","tax_lines":[],"discount_allocations":[]}]},{"id":5832916107573,"admin_graphql_api_id":"gid:\/\/shopify\/Order\/5832916107573","app_id":580111,"browser_ip":"157.40.102.83","buyer_accepts_marketing":false,"cancel_reason":"declined","cancelled_at":"2023-11-26T10:04:41+05:30","cart_token":"c1-fe5b47f08822518ede4053fc332abdf2","checkout_id":37067008672053,"checkout_token":"ea71328d0c461f909563cc119ed0dcee","client_details":{"accept_language":"en-IN","browser_height":null,"browser_ip":"157.40.102.83","browser_width":null,"session_hash":null,"user_agent":"Mozilla\/5.0 (Windows NT 10.0; Win64; x64) AppleWebKit\/537.36 (KHTML, like Gecko) Chrome\/119.0.0.0 Safari\/537.36"},"closed_at":null,"confirmation_number":"UVJZA70DH","confirmed":true,"contact_email":null,"created_at":"2023-11-22T09:44:44+05:30","currency":"INR","current_subtotal_price":"199.00","current_subtotal_price_set":{"shop_money":{"amount":"199.00","currency_code":"INR"},"presentment_money":{"amount":"199.00","currency_code":"INR"}},"current_total_additional_fees_set":null,"current_total_discounts":"0.00","current_total_discounts_set":{"shop_money":{"amount":"0.00","currency_code":"INR"},"presentment_money":{"amount":"0.00","currency_code":"INR"}},"current_total_duties_set":null,"current_total_price":"234.82","current_total_price_set":{"shop_money":{"amount":"234.82","currency_code":"INR"},"presentment_money":{"amount":"234.82","currency_code":"INR"}},"current_total_tax":"35.82","current_total_tax_set":{"shop_money":{"amount":"35.82","currency_code":"INR"},"presentment_money":{"amount":"35.82","currency_code":"INR"}},"customer_locale":"en-IN","device_id":null,"discount_codes":[],"email":"","estimated_taxes":false,"financial_status":"pending","fulfillment_status":"restocked","landing_site":"\/password","landing_site_ref":null,"location_id":null,"merchant_of_record_app_id":null,"name":"FS1001","note":null,"note_attributes":[],"number":1,"order_number":1001,"order_status_url":"https:\/\/8c86ed-3.myshopify.com\/84809515317\/orders\/2b3ea8de9a984159b25c823d43bde170\/authenticate?key=46099d80db60bae17d19e7e283346119","original_total_additional_fees_set":null,"original_total_duties_set":null,"payment_gateway_names":["Cash on Delivery (COD)"],"phone":"+919088567422","po_number":null,"presentment_currency":"INR","processed_at":"2023-11-22T09:44:43+05:30","reference":"378a59d20fefde1e67696a24c6f57e46","referring_site":"","source_identifier":"378a59d20fefde1e67696a24c6f57e46","source_name":"web","source_url":null,"subtotal_price":"199.00","subtotal_price_set":{"shop_money":{"amount":"199.00","currency_code":"INR"},"presentment_money":{"amount":"199.00","currency_code":"INR"}},"tags":"","tax_exempt":false,"tax_lines":[{"price":"35.82","rate":0.18,"title":"IGST","price_set":{"shop_money":{"amount":"35.82","currency_code":"INR"},"presentment_money":{"amount":"35.82","currency_code":"INR"}},"channel_liable":false}],"taxes_included":false,"test":false,"token":"2b3ea8de9a984159b25c823d43bde170","total_discounts":"0.00","total_discounts_set":{"shop_money":{"amount":"0.00","currency_code":"INR"},"presentment_money":{"amount":"0.00","currency_code":"INR"}},"total_line_items_price":"199.00","total_line_items_price_set":{"shop_money":{"amount":"199.00","currency_code":"INR"},"presentment_money":{"amount":"199.00","currency_code":"INR"}},"total_outstanding":"234.82","total_price":"234.82","total_price_set":{"shop_money":{"amount":"234.82","currency_code":"INR"},"presentment_money":{"amount":"234.82","currency_code":"INR"}},"total_shipping_price_set":{"shop_money":{"amount":"0.00","currency_code":"INR"},"presentment_money":{"amount":"0.00","currency_code":"INR"}},"total_tax":"35.82","total_tax_set":{"shop_money":{"amount":"35.82","currency_code":"INR"},"presentment_money":{"amount":"35.82","currency_code":"INR"}},"total_tip_received":"0.00","total_weight":200,"updated_at":"2023-11-26T10:04:41+05:30","user_id":null,"billing_address":{"first_name":"Shanu","address1":"18 Grand Trunk Road Khash Bagan Serampore","phone":null,"city":"Hooghly","zip":"712201","province":"West Bengal","country":"India","last_name":"Karmakar","address2":null,"company":null,"latitude":null,"longitude":null,"name":"Shanu Karmakar","country_code":"IN","province_code":"WB"},"customer":{"id":7621845582133,"email":null,"accepts_marketing":false,"created_at":"2023-11-22T09:44:44+05:30","updated_at":"2023-11-23T14:39:04+05:30","first_name":"Shanu","last_name":"Karmakar","state":"disabled","note":null,"verified_email":true,"multipass_identifier":null,"tax_exempt":false,"phone":"+919088567422","email_marketing_consent":null,"sms_marketing_consent":{"state":"not_subscribed","opt_in_level":"single_opt_in","consent_updated_at":null,"consent_collected_from":"SHOPIFY"},"tags":"","currency":"INR","accepts_marketing_updated_at":"2023-11-23T14:39:04+05:30","marketing_opt_in_level":null,"tax_exemptions":[],"admin_graphql_api_id":"gid:\/\/shopify\/Customer\/7621845582133","default_address":{"id":9718271279413,"customer_id":7621845582133,"first_name":"Shanu","last_name":"Karmakar","company":null,"address1":"65 Pally Club 1061 Tollygunge Road Sahanagar Kalighat","address2":null,"city":"Kolkata","province":"West Bengal","country":"India","zip":"700026","phone":null,"name":"Shanu Karmakar","province_code":"WB","country_code":"IN","country_name":"India","default":true}},"discount_applications":[],"fulfillments":[],"line_items":[{"id":14746970390837,"admin_graphql_api_id":"gid:\/\/shopify\/LineItem\/14746970390837","attributed_staffs":[],"fulfillable_quantity":1,"fulfillment_service":"manual","fulfillment_status":"restocked","gift_card":false,"grams":200,"name":"Oversized T Shirt","price":"199.00","price_set":{"shop_money":{"amount":"199.00","currency_code":"INR"},"presentment_money":{"amount":"199.00","currency_code":"INR"}},"product_exists":true,"product_id":8940335989045,"properties":[],"quantity":1,"requires_shipping":true,"sku":"1234","taxable":true,"title":"Oversized T Shirt","total_discount":"0.00","total_discount_set":{"shop_money":{"amount":"0.00","currency_code":"INR"},"presentment_money":{"amount":"0.00","currency_code":"INR"}},"variant_id":47467742331189,"variant_inventory_management":"shopify","variant_title":null,"vendor":"My Store","tax_lines":[{"channel_liable":false,"price":"35.82","price_set":{"shop_money":{"amount":"35.82","currency_code":"INR"},"presentment_money":{"amount":"35.82","currency_code":"INR"}},"rate":0.18,"title":"IGST"}],"duties":[],"discount_allocations":[]}],"payment_terms":null,"refunds":[],"shipping_address":{"first_name":"Shanu","address1":"18 Grand Trunk Road Khash Bagan Serampore","phone":null,"city":"Hooghly","zip":"712201","province":"West Bengal","country":"India","last_name":"Karmakar","address2":null,"company":null,"latitude":22.7501129,"longitude":88.34318209999999,"name":"Shanu Karmakar","country_code":"IN","province_code":"WB"},"shipping_lines":[{"id":4936562770229,"carrier_identifier":"650f1a14fa979ec5c74d063e968411d4","code":"Standard","discounted_price":"0.00","discounted_price_set":{"shop_money":{"amount":"0.00","currency_code":"INR"},"presentment_money":{"amount":"0.00","currency_code":"INR"}},"phone":null,"price":"0.00","price_set":{"shop_money":{"amount":"0.00","currency_code":"INR"},"presentment_money":{"amount":"0.00","currency_code":"INR"}},"requested_fulfillment_service_id":null,"source":"shopify","title":"Standard","tax_lines":[],"discount_allocations":[]}]}]}